<PLUGINS>
	<PLUGIN name="Assign Keyword to All Pages of Template" url="keyword_allpages_v1.6_1.asp" compatibility="6.0.0.27" company="RedDot Solutions" contact="Michael Madden, Hilmar Bunjes" email="michael.madden@reddot.com" website="http://www.reddot.com">
		<DESCRIPTIONS>
			<DEU name="Keyword zu allen Seiten eines Templates zuweisen"/>
			<ENG name="Assign Keyword to All Pages of Template"/>
		</DESCRIPTIONS>
		<TARGETS>
			<TARGET target="ioTreeProjectPage"/>
		</TARGETS>
		<ICON source="../ActionMenuIcons/Keywords.gif" alt=""/>
		<OPENWINDOWPARAMETER features="toolbar=0,location=0,directories=0,status=0,menubar=0,scrollbars=1,resizable=1,width=350,height=425,screenX=200,screenY=200,left=200,top=200"/>
	</PLUGIN>
</PLUGINS>