<PLUGINS>
  <PLUGIN name="Add to Navigation" url="AddToNav.asp">
    <DESCRIPTIONS>
      <ENG name="Add to Navigation"/>
      <DEU name="Add to Navigation"/>
    </DESCRIPTIONS>
    <TARGETS>
	  <TARGET target="ioDevDialogPageActions"/>
    </TARGETS>
    <ICON source="../Icons/listw.gif"/>
    <OPENWINDOWPARAMETER features="toolbar=0,location=0,directories=0,status=0,menubar=0,scrollbars=1,resizable=1,width=700,height=200,screenX=200,screenY=200,left=200,top=200"/>
  </PLUGIN>
</PLUGINS>