<PLUGINS>
<PLUGIN name="Reference Link in Clipboard for All Content Class Instances" url="linkref_allpages_v6_1.asp" compatibility="6.0.1.7" company="RedDot Solutions" contact="Michael Madden" email="michael.madden@reddot.com" website="www.reddot.com">
	<DESCRIPTIONS>
		<DEU name="Reference Link in Clipboard for All Content Class Instances"/>
		<ENG name="Reference Link in Clipboard for All Content Class Instances"/>
	</DESCRIPTIONS>
	<TARGETS>
		<TARGET target="ioTreeProjectLink"/>
	</TARGETS>
	<OPENWINDOWPARAMETER features="toolbar=0,location=0,directories=0,status=0,menubar=0,scrollbars=1,resizable=1,width=500,height=400,screenX=200,screenY=200,left=200,top=200"/>
	<ICON source="../ActionMenuIcons/reference.gif" alt=""/>
</PLUGIN>
</PLUGINS>