<PLUGINS>
  <PLUGIN name="Troubleshoot PreExecution (Preview Mode)" url="PreExecute_Troubleshooter.asp">
    <DESCRIPTIONS>
      <ENG name="PLUGIN: Troubleshoot PreExecution (Preview Mode)"/>
      <DEU name="PLUGIN: Troubleshoot PreExecution (Preview Mode)"/>
    </DESCRIPTIONS>
      <TARGETS>
	<TARGET target="ioTreeProjectPage"/>
      </TARGETS>
    <ICON source="../ActionMenuIcons/Workflow.gif" />
    <OPENWINDOWPARAMETER features="address=0,toolbar=0,scrollbars=1,resizable=1,width=650,height=550"/>
  </PLUGIN>
  <PLUGIN name="Troubleshoot PreExecution (SmartEdit Mode)" url="PreExecute_Troubleshooter.asp?mode=SmartEdit">
    <DESCRIPTIONS>
      <ENG name="PLUGIN: Troubleshoot PreExecution (SmartEdit Mode)"/>
      <DEU name="PLUGIN: Troubleshoot PreExecution (SmartEdit Mode)"/>
    </DESCRIPTIONS>
      <TARGETS>
	<TARGET target="ioTreeProjectPage"/>
      </TARGETS>
    <ICON source="../ActionMenuIcons/Workflow.gif" />
    <OPENWINDOWPARAMETER features="address=0,toolbar=0,scrollbars=1,resizable=1,width=650,height=550"/>
  </PLUGIN>
</PLUGINS>
