<PLUGINS>
<PLUGIN name="Assign Target Container in Clipboard for all Content Class Instances" url="assign_tc_allpages_v6_1.asp" compatibility="6.0.1.7" company="RedDot Solutions" contact="Michael Madden" email="michael.madden@reddot.com" website="www.reddot.com">
	<DESCRIPTIONS>
		<DEU name="Assign Target Container in Clipboard for all Content Class Instances"/>
		<ENG name="Assign Target Container in Clipboard for all Content Class Instances"/>
	</DESCRIPTIONS>
	<TARGETS>
		<TARGET target="ioTreeProjectLink"/>
	</TARGETS>
	<OPENWINDOWPARAMETER features="toolbar=0,location=0,directories=0,status=0,menubar=0,scrollbars=1,resizable=1,width=400,height=425,screenX=200,screenY=200,left=200,top=200"/>
	<ICON source="../ActionMenuIcons/Targetcontainer.gif" alt=""/>
</PLUGIN>
</PLUGINS>