<PLUGINS>
  <PLUGIN name="Reference Page in Clipboard for All Content Class Instances" url="pageref_allpages_v6_1.asp" compatibility="6.1.1.18" company="RedDot Solutions" contact="Michael Madden" email="michael.madden@reddot.com" website="www.reddotcommunity.com">
    <DESCRIPTIONS>
      <ENG name="PLUGIN: Reference Page in Clipboard for All Content ClassInstances"/>
      <DEU name="PLUGIN: Reference Page in Clipboard for All Content ClassInstances"/>
    </DESCRIPTIONS>
      <TARGETS>
	<TARGET target="ioTreeProjectLink"/>
      </TARGETS>
    <ICON source="../ActionMenuIcons/reference.gif"/>
    <OPENWINDOWPARAMETER features="toolbar=0,location=0,directories=0,status=0,menubar=0,scrollbars=1,resizable=1,width=500,height=480,screenX=200,screenY=200,left=200,top=200,dependent=yes"/>
  </PLUGIN>
</PLUGINS>